object,N,first,last,e,sigma,epoch,used,certain,days,trust
1I,3,2017 10 14,2017 10 18,1.089782,0.112,2458080.5,,False,4,True
1I,4,2017 10 14,2017 10 18,0.7723345,0.217,2458080.5,2.0,False,4,False
1I,5,2017 10 14,2017 10 18,1.0539995,0.0923,2458080.5,3.0,False,4,True
1I,6,2017 10 14,2017 10 18,0.7723345,0.217,2458080.5,2.0,False,4,False
1I,7,2017 10 14,2017 10 19,0.7723345,0.216,2458080.5,2.0,False,5,False
1I,8,2017 10 14,2017 10 19,0.7723345,0.217,2458080.5,2.0,False,5,False
1I,9,2017 10 14,2017 10 19,0.7723345,0.216,2458080.5,2.0,False,5,False
1I,10,2017 10 14,2017 10 19,0.7723345,0.217,2458080.5,2.0,False,5,False
1I,11,2017 10 14,2017 10 19,0.7723345,0.217,2458080.5,2.0,False,5,False
1I,12,2017 10 14,2017 10 19,0.7723345,0.217,2458080.5,2.0,False,5,False
1I,13,2017 10 14,2017 10 19,0.7723345,0.216,2458080.5,2.0,False,5,False
1I,14,2017 10 14,2017 10 19,0.7723345,0.217,2458080.5,2.0,False,5,False
1I,15,2017 10 14,2017 10 19,0.7723345,0.216,2458080.5,2.0,False,5,False
1I,16,2017 10 14,2017 10 19,1.0378841,0.108,2458080.5,4.0,False,5,True
1I,17,2017 10 14,2017 10 19,1.0547605,0.11,2458080.5,5.0,False,5,True
1I,18,2017 10 14,2017 10 19,1.0594559,0.112,2458080.5,6.0,False,5,True
1I,19,2017 10 14,2017 10 19,1.0721753,0.109,2458080.5,7.0,False,5,True
1I,20,2017 10 14,2017 10 19,0.9203465,0.0913,2458080.5,8.0,False,5,True
1I,21,2017 10 14,2017 10 19,1.1418584,0.0821,2458080.5,9.0,False,5,True
1I,22,2017 10 14,2017 10 19,0.9203465,0.0913,2458080.5,8.0,False,5,True
1I,23,2017 10 14,2017 10 19,1.1394097,0.0813,2458080.5,9.0,False,5,True
1I,24,2017 10 14,2017 10 19,0.9203465,0.0913,2458080.5,8.0,False,5,True
1I,25,2017 10 14,2017 10 20,1.172089,0.0833,2458080.5,9.0,False,6,True
1I,26,2017 10 14,2017 10 20,1.1968738,0.076,2458080.5,10.0,False,6,True
1I,27,2017 10 14,2017 10 20,1.2137065,0.0723,2458080.5,11.0,False,6,True
1I,28,2017 10 14,2017 10 20,1.2262929,0.0696,2458080.5,12.0,True,6,True
1I,29,2017 10 14,2017 10 21,1.1976824,0.0465,2458080.5,13.0,True,7,True
1I,30,2017 10 14,2017 10 21,1.1895376,0.0403,2458080.5,14.0,True,7,True
1I,31,2017 10 14,2017 10 21,1.1843034,0.0376,2458080.5,15.0,True,7,True
1I,32,2017 10 14,2017 10 21,1.1726416,0.0294,2458080.5,16.0,True,7,True
1I,33,2017 10 14,2017 10 21,1.165722,0.0262,2458080.5,17.0,True,7,True
1I,34,2017 10 14,2017 10 21,1.1676599,0.0246,2458080.5,18.0,True,7,True
1I,35,2017 10 14,2017 10 22,1.1677121,0.0193,2458080.5,19.0,True,8,True
1I,36,2017 10 14,2017 10 22,1.1710154,0.0178,2458080.5,20.0,True,8,True
1I,37,2017 10 14,2017 10 22,1.1713266,0.0167,2458080.5,21.0,True,8,True
1I,38,2017 10 14,2017 10 22,1.1754454,0.0145,2458080.5,22.0,True,8,True
1I,39,2017 10 14,2017 10 22,1.1768893,0.0134,2458080.5,23.0,True,8,True
1I,40,2017 10 14,2017 10 22,1.1776664,0.0128,2458080.5,24.0,True,8,True
1I,41,2017 10 14,2017 10 22,1.1663577,0.0105,2458080.5,25.0,True,8,True
1I,42,2017 10 14,2017 10 22,1.1618912,0.00955,2458080.5,26.0,True,8,True
1I,43,2017 10 14,2017 10 22,1.1610486,0.00894,2458080.5,27.0,True,8,True
1I,44,2017 10 14,2017 10 23,1.1679707,0.00878,2458080.5,28.0,True,9,True
1I,45,2017 10 14,2017 10 23,1.1716893,0.00873,2458080.5,29.0,True,9,True
1I,46,2017 10 14,2017 10 23,1.174546,0.00885,2458080.5,30.0,True,9,True
1I,47,2017 10 14,2017 10 23,1.1764857,0.00849,2458080.5,31.0,True,9,True
1I,48,2017 10 14,2017 10 23,1.1770801,0.00819,2458080.5,32.0,True,9,True
1I,49,2017 10 14,2017 10 23,1.1774954,0.00795,2458080.5,33.0,True,9,True
1I,50,2017 10 14,2017 10 24,1.1852054,0.00732,2458080.5,34.0,True,10,True
1I,51,2017 10 14,2017 10 24,1.1842359,0.00679,2458080.5,35.0,True,10,True
1I,52,2017 10 14,2017 10 24,1.1838655,0.0065,2458080.5,36.0,True,10,True
1I,53,2017 10 14,2017 10 24,1.184463,0.0063,2458080.5,37.0,True,10,True
1I,54,2017 10 14,2017 10 25,1.1884673,0.00529,2458080.5,38.0,True,11,True
1I,55,2017 10 14,2017 10 25,1.1895685,0.00487,2458080.5,39.0,True,11,True
1I,56,2017 10 14,2017 10 25,1.1900818,0.00462,2458080.5,40.0,True,11,True
1I,57,2017 10 14,2017 10 25,1.1904268,0.00446,2458080.5,41.0,True,11,True
1I,58,2017 10 14,2017 10 25,1.1905856,0.00434,2458080.5,42.0,True,11,True
1I,59,2017 10 14,2017 10 25,1.1910106,0.00411,2458080.5,43.0,True,11,True
1I,60,2017 10 14,2017 10 25,1.1898045,0.00399,2458080.5,44.0,True,11,True
1I,70,2017 10 14,2017 10 25,1.1893217,0.00337,2458080.5,52.0,True,11,True
1I,80,2017 10 14,2017 10 26,1.1914096,0.00276,2458080.5,62.0,True,12,True
1I,90,2017 10 14,2017 10 26,1.192779,0.00248,2458080.5,72.0,True,12,True
1I,100,2017 10 14,2017 10 26,1.1939247,0.0023,2458080.5,82.0,True,12,True
1I,125,2017 10 14,2017 10 27,1.1953206,0.00149,2458080.5,104.0,True,13,True
1I,150,2017 10 14,2017 10 30,1.1954628,0.000965,2458080.5,127.0,True,16,True
1I,175,2017 10 14,2017 11 17,1.1993316,0.000118,2458080.5,153.0,True,34,True
1I,200,2017 10 14,2017 11 22,1.2002393,5.38e-05,2458080.5,171.0,True,39,True
1I,222,2017 10 14,2018 01 02,1.2008786,2.97e-06,2458080.5,188.0,True,80,True
2I,3,2019 02 24,2019 03 17,0.9445755,0.091,2458853.5,,False,21,True
2I,4,2019 02 24,2019 04 09,3.3638482,,2458853.5,2.0,False,44,False
2I,5,2019 02 24,2019 04 09,2.9205954,,2458853.5,3.0,False,44,False
2I,6,2019 02 24,2019 04 09,3.3632355,0.0319,2458853.5,5.0,True,44,True
2I,7,2019 02 24,2019 05 02,3.3625589,0.00496,2458853.5,4.0,True,67,True
2I,8,2019 02 24,2019 05 02,3.3628678,0.00361,2458853.5,5.0,True,67,True
2I,9,2019 02 24,2019 05 05,3.3591279,0.0033,2458853.5,7.0,True,70,True
2I,10,2019 02 24,2019 08 30,3.3570786,0.000588,2458853.5,8.0,True,187,True
2I,11,2019 02 24,2019 08 30,3.3570717,0.000553,2458853.5,9.0,True,187,True
2I,12,2019 02 24,2019 08 30,3.3570664,0.000513,2458853.5,10.0,True,187,True
2I,13,2019 02 24,2019 08 31,3.357087,0.000498,2458853.5,11.0,True,188,True
2I,14,2019 02 24,2019 08 31,3.3571143,0.000507,2458853.5,12.0,True,188,True
2I,15,2019 02 24,2019 08 31,3.3571071,0.000483,2458853.5,13.0,True,188,True
2I,16,2019 02 24,2019 08 31,3.3571071,0.000464,2458853.5,14.0,True,188,True
2I,17,2019 02 24,2019 08 31,3.3570824,0.000453,2458853.5,15.0,True,188,True
2I,18,2019 02 24,2019 08 31,3.3571398,0.000478,2458853.5,16.0,True,188,True
2I,19,2019 02 24,2019 08 31,3.3570305,0.000481,2458853.5,16.0,True,188,True
2I,20,2019 02 24,2019 09 01,3.357016,0.000465,2458853.5,17.0,True,189,True
2I,21,2019 02 24,2019 09 01,3.3570024,0.000451,2458853.5,18.0,True,189,True
2I,22,2019 02 24,2019 09 01,3.3567217,0.000401,2458853.5,16.0,True,189,True
2I,23,2019 02 24,2019 09 01,3.3567448,0.000401,2458853.5,18.0,True,189,True
2I,24,2019 02 24,2019 09 01,3.3567467,0.000393,2458853.5,19.0,True,189,True
2I,25,2019 02 24,2019 09 01,3.3567572,0.000386,2458853.5,20.0,True,189,True
2I,26,2019 02 24,2019 09 01,3.356745,0.00038,2458853.5,20.0,True,189,True
2I,27,2019 02 24,2019 09 01,3.3567792,0.0004,2458853.5,22.0,True,189,True
2I,28,2019 02 24,2019 09 01,3.3567792,0.000403,2458853.5,22.0,True,189,True
2I,29,2019 02 24,2019 09 01,3.3568171,0.000384,2458853.5,22.0,True,189,True
2I,30,2019 02 24,2019 09 01,3.3568229,0.000378,2458853.5,23.0,True,189,True
2I,31,2019 02 24,2019 09 01,3.3567907,0.000392,2458853.5,25.0,True,189,True
2I,32,2019 02 24,2019 09 01,3.3567885,0.000389,2458853.5,26.0,True,189,True
2I,33,2019 02 24,2019 09 01,3.3568068,0.000391,2458853.5,27.0,True,189,True
2I,34,2019 02 24,2019 09 02,3.3567979,0.000394,2458853.5,28.0,True,190,True
2I,35,2019 02 24,2019 09 02,3.356804,0.000388,2458853.5,29.0,True,190,True
2I,36,2019 02 24,2019 09 02,3.3568003,0.000381,2458853.5,30.0,True,190,True
2I,37,2019 02 24,2019 09 02,3.3567967,0.000375,2458853.5,31.0,True,190,True
2I,38,2019 02 24,2019 09 02,3.3568065,0.000375,2458853.5,32.0,True,190,True
2I,39,2019 02 24,2019 09 02,3.3567982,0.000371,2458853.5,33.0,True,190,True
2I,40,2019 02 24,2019 09 02,3.3568053,0.000368,2458853.5,34.0,True,190,True
2I,41,2019 02 24,2019 09 02,3.3568144,0.000378,2458853.5,35.0,True,190,True
2I,42,2019 02 24,2019 09 02,3.3568384,0.000381,2458853.5,36.0,True,190,True
2I,43,2019 02 24,2019 09 02,3.3568384,0.000381,2458853.5,36.0,True,190,True
2I,44,2019 02 24,2019 09 02,3.3568384,0.000381,2458853.5,36.0,True,190,True
2I,45,2019 02 24,2019 09 03,3.3568353,0.000381,2458853.5,37.0,True,191,True
2I,46,2019 02 24,2019 09 03,3.3568362,0.000375,2458853.5,38.0,True,191,True
2I,47,2019 02 24,2019 09 03,3.3568324,0.000371,2458853.5,39.0,True,191,True
2I,48,2019 02 24,2019 09 03,3.3568333,0.000367,2458853.5,40.0,True,191,True
2I,49,2019 02 24,2019 09 03,3.356829,0.000364,2458853.5,41.0,True,191,True
2I,50,2019 02 24,2019 09 03,3.3568327,0.000365,2458853.5,42.0,True,191,True
2I,51,2019 02 24,2019 09 03,3.3568385,0.000372,2458853.5,43.0,True,191,True
2I,52,2019 02 24,2019 09 04,3.3568302,0.000369,2458853.5,44.0,True,192,True
2I,53,2019 02 24,2019 09 04,3.3568214,0.000367,2458853.5,45.0,True,192,True
2I,54,2019 02 24,2019 09 04,3.3568211,0.000364,2458853.5,46.0,True,192,True
2I,55,2019 02 24,2019 09 04,3.3568251,0.000362,2458853.5,47.0,True,192,True
2I,56,2019 02 24,2019 09 04,3.3568193,0.000359,2458853.5,48.0,True,192,True
2I,57,2019 02 24,2019 09 04,3.3568395,0.000366,2458853.5,49.0,True,192,True
2I,58,2019 02 24,2019 09 04,3.3568403,0.000363,2458853.5,50.0,True,192,True
2I,59,2019 02 24,2019 09 04,3.3568358,0.000359,2458853.5,51.0,True,192,True
2I,60,2019 02 24,2019 09 04,3.3568402,0.000365,2458853.5,52.0,True,192,True
2I,70,2019 02 24,2019 09 06,3.3567592,0.000361,2458853.5,59.0,True,194,True
2I,80,2019 02 24,2019 09 07,3.3567408,0.000342,2458853.5,68.0,True,195,True
2I,90,2019 02 24,2019 09 08,3.3568005,0.000318,2458853.5,78.0,True,196,True
2I,100,2019 02 24,2019 09 09,3.3568466,0.000317,2458853.5,88.0,True,197,True
2I,125,2019 02 24,2019 09 10,3.3568862,0.000307,2458853.5,110.0,True,198,True
2I,150,2019 02 24,2019 09 11,3.3573278,0.00035,2458853.5,130.0,True,199,True
2I,175,2019 02 24,2019 09 11,3.3573886,0.000355,2458853.5,147.0,True,199,True
2I,200,2019 02 24,2019 09 11,3.3576156,0.000342,2458853.5,169.0,True,199,True
2I,250,2019 02 24,2019 09 13,3.3580215,0.000392,2458853.5,210.0,True,201,True
2I,300,2019 02 24,2019 09 13,3.3573932,0.000302,2458853.5,256.0,True,201,True
2I,400,2019 02 24,2019 09 16,3.3575115,0.000274,2458853.5,334.0,True,204,True
2I,500,2019 02 24,2019 09 19,3.3574146,0.000236,2458853.5,414.0,True,207,True
2I,600,2019 02 24,2019 09 21,3.3572123,0.000209,2458853.5,495.0,True,209,True
2I,700,2019 02 24,2019 09 24,3.3572137,0.000193,2458853.5,564.0,True,212,True
2I,800,2019 02 24,2019 09 27,3.3572617,0.000178,2458853.5,653.0,True,215,True
2I,1000,2019 02 24,2019 09 30,3.3573329,0.000153,2458853.5,832.0,True,218,True
2I,1250,2019 02 24,2019 10 06,3.3573339,0.000135,2458853.5,1050.0,True,224,True
2I,1500,2019 02 24,2019 10 13,3.357325,0.000118,2458853.5,1269.0,True,231,True
2I,2000,2019 02 24,2019 10 31,3.3568793,8.09e-05,2458853.5,1666.0,True,249,True
2I,2500,2019 02 24,2019 11 25,3.3565551,4.76e-05,2458853.5,2043.0,True,274,True
2I,3000,2019 02 24,2019 12 08,3.3566548,3.86e-05,2458853.5,2778.0,True,287,True
2I,3349,2019 02 24,2020 09 30,3.3566879,1.75e-05,2458853.5,2490.0,True,584,True
3I,3,2025 06 18,2025 06 28,5.4951054,1.56,2461090.5,,False,10,True
3I,4,2025 06 18,2025 07 01,5.93441,0.847,2461090.5,,True,13,True
3I,5,2025 06 18,2025 07 01,6.6894622,0.862,2461090.5,,True,13,True
3I,6,2025 06 18,2025 07 01,6.5278508,0.726,2461090.5,,True,13,True
3I,7,2025 06 18,2025 07 02,6.5540913,0.65,2461090.5,,True,14,True
3I,8,2025 06 18,2025 07 02,6.4371138,0.603,2461090.5,,True,14,True
3I,9,2025 06 18,2025 07 02,6.3987037,0.565,2461090.5,,True,14,True
3I,10,2025 06 18,2025 07 02,6.3579282,0.545,2461090.5,,True,14,True
3I,11,2025 06 18,2025 07 02,6.3225317,0.515,2461090.5,,True,14,True
3I,12,2025 06 18,2025 07 02,6.2783737,0.504,2461090.5,,True,14,True
3I,13,2025 06 18,2025 07 02,6.2479254,0.488,2461090.5,,True,14,True
3I,14,2025 06 18,2025 07 02,6.1873779,0.5,2461090.5,,True,14,True
3I,15,2025 06 18,2025 07 02,6.1753895,0.483,2461090.5,,True,14,True
3I,16,2025 06 18,2025 07 02,6.1453411,0.462,2461090.5,,True,14,True
3I,17,2025 06 18,2025 07 02,5.9958649,0.379,2461090.5,16.0,True,14,True
3I,18,2025 06 18,2025 07 02,6.0288357,0.359,2461090.5,17.0,True,14,True
3I,19,2025 06 18,2025 07 02,6.1799753,0.375,2461090.5,18.0,True,14,True
3I,20,2025 06 18,2025 07 02,6.2254294,0.407,2461090.5,,True,14,True
3I,21,2025 06 18,2025 07 02,8.1406629,4.2,2461090.5,11.0,False,14,True
3I,22,2025 06 18,2025 07 02,6.2750312,0.399,2461090.5,,True,14,True
3I,23,2025 06 18,2025 07 02,6.2272313,0.385,2461090.5,,True,14,True
3I,24,2025 06 18,2025 07 02,6.2637331,0.378,2461090.5,,True,14,True
3I,25,2025 06 18,2025 07 02,6.294551,0.375,2461090.5,,True,14,True
3I,26,2025 06 18,2025 07 02,6.3215219,0.372,2461090.5,,True,14,True
3I,27,2025 06 18,2025 07 02,1.1386079,0.0,2461090.5,11.0,False,14,False
3I,28,2025 06 18,2025 07 02,6.4029609,0.373,2461090.5,,True,14,True
3I,29,2025 06 18,2025 07 02,1.0056374,0.0,2461090.5,12.0,False,14,False
3I,30,2025 06 18,2025 07 02,6.3359308,0.372,2461090.5,,True,14,True
3I,31,2025 06 18,2025 07 03,1.0097268,0.0,2461090.5,14.0,False,15,False
3I,32,2025 06 18,2025 07 03,6.277825,0.358,2461090.5,,True,15,True
3I,33,2025 06 18,2025 07 03,6.3007137,0.354,2461090.5,,True,15,True
3I,34,2025 06 18,2025 07 03,6.2949795,0.349,2461090.5,,True,15,True
3I,35,2025 06 18,2025 07 03,6.2868632,0.343,2461090.5,,True,15,True
3I,36,2025 06 18,2025 07 03,6.2842356,0.339,2461090.5,,True,15,True
3I,37,2025 06 18,2025 07 03,6.2670199,0.334,2461090.5,,True,15,True
3I,38,2025 06 18,2025 07 03,6.308477,0.33,2461090.5,,True,15,True
3I,39,2025 06 18,2025 07 03,6.2993359,0.326,2461090.5,,True,15,True
3I,40,2025 06 18,2025 07 03,6.2754306,0.317,2461090.5,,True,15,True
3I,41,2025 06 18,2025 07 03,6.2077451,0.301,2461090.5,,True,15,True
3I,42,2025 06 18,2025 07 03,6.2324736,0.288,2461090.5,,True,15,True
3I,43,2025 06 18,2025 07 03,6.22577,0.277,2461090.5,,True,15,True
3I,44,2025 06 18,2025 07 03,6.2357067,0.271,2461090.5,,True,15,True
3I,45,2025 06 18,2025 07 03,6.2038669,0.262,2461090.5,,True,15,True
3I,46,2025 06 18,2025 07 03,1.0276153,0.0,2461090.5,25.0,False,15,False
3I,47,2025 06 18,2025 07 03,6.2669169,0.255,2461090.5,,True,15,True
3I,48,2025 06 18,2025 07 03,1.0206691,0.0,2461090.5,25.0,False,15,False
3I,49,2025 06 18,2025 07 03,6.1468175,0.25,2461090.5,,True,15,True
3I,50,2025 06 18,2025 07 04,6.1706561,0.246,2461090.5,,True,16,True
3I,51,2025 06 18,2025 07 04,6.1540598,0.241,2461090.5,,True,16,True
3I,52,2025 06 18,2025 07 04,6.1871841,0.236,2461090.5,,True,16,True
3I,53,2025 06 18,2025 07 04,6.1704666,0.232,2461090.5,,True,16,True
3I,54,2025 06 18,2025 07 04,6.1631124,0.226,2461090.5,,True,16,True
3I,55,2025 06 18,2025 07 04,6.1570751,0.221,2461090.5,,True,16,True
3I,56,2025 06 18,2025 07 04,6.155628,0.211,2461090.5,,True,16,True
3I,57,2025 06 18,2025 07 04,6.1765758,0.204,2461090.5,,True,16,True
3I,58,2025 06 18,2025 07 04,6.1221043,0.197,2461090.5,,True,16,True
3I,59,2025 06 18,2025 07 04,6.1309548,0.193,2461090.5,,True,16,True
3I,60,2025 06 18,2025 07 04,6.144486,0.196,2461090.5,,True,16,True
3I,70,2025 06 18,2025 07 05,6.1149034,0.174,2461090.5,,True,17,True
3I,80,2025 06 18,2025 07 05,6.1334171,0.156,2461090.5,,True,17,True
3I,90,2025 06 18,2025 07 05,6.1450957,0.144,2461090.5,,True,17,True
3I,100,2025 06 18,2025 07 07,6.175186,0.115,2461090.5,,True,19,True
3I,125,2025 06 18,2025 07 12,6.13881,0.058,2461090.5,124.0,True,24,True
3I,150,2025 06 18,2025 07 16,6.1827894,0.0356,2461090.5,146.0,True,28,True
3I,175,2025 06 18,2025 07 18,6.1733547,0.0252,2461090.5,167.0,True,30,True
3I,200,2025 06 18,2025 07 21,6.1396101,0.0181,2461090.5,192.0,True,33,True
3I,250,2025 06 18,2025 07 29,6.1464439,0.00927,2461090.5,241.0,True,41,True
3I,300,2025 06 18,2025 08 10,6.1395906,0.00438,2461090.5,288.0,True,53,True
3I,400,2025 06 18,2025 09 13,6.1385197,0.00152,2461090.5,381.0,True,87,True
3I,500,2025 06 18,2025 11 29,6.1411567,5.81e-05,2461090.5,475.0,True,164,True
3I,600,2025 06 18,2025 12 20,6.1414549,1.82e-05,2461090.5,560.0,True,185,True
3I,700,2025 06 18,2026 01 14,6.141547,1.02e-05,2461090.5,649.0,True,210,True
3I,800,2025 06 18,2026 02 17,6.1416,8.48e-06,2461090.5,736.0,True,244,True
3I,805,2025 06 18,2026 02 19,6.141606,8.45e-06,2461090.5,740.0,True,246,True
